,NumWords,Nouns,Verbs
0,16,3,3
1,28,8,4
2,27,5,3
3,40,9,6
4,32,7,4
5,13,1,2
6,11,1,2
7,13,2,2
8,6,2,0
9,7,1,1
10,6,1,1
11,20,6,2
12,25,5,2
13,8,1,1
14,38,7,2
15,20,5,3
16,19,4,0
17,35,8,1
18,28,4,3
19,36,3,5
20,29,6,1
21,29,5,3
22,35,6,4
23,24,7,2
24,26,5,2
25,16,4,1
26,32,8,4
27,25,6,3
28,26,4,5
29,21,4,2
30,17,5,2
31,34,7,5
32,17,2,2
33,14,2,2
34,41,10,4
35,14,2,1
36,18,4,2
37,25,7,1
38,10,2,2
39,36,5,5
40,10,3,1
41,17,4,3
42,23,3,4
43,19,1,4
44,40,8,4
45,6,1,0
46,27,7,3
47,7,2,1
48,29,4,1
49,32,7,5
50,31,3,3
51,29,6,5
52,42,8,3
53,13,3,2
54,16,3,2
55,67,14,11
56,21,5,1
57,44,9,8
58,24,3,5
59,9,1,1
60,37,7,5
61,41,5,5
62,16,4,2
63,26,7,2
64,43,6,7
65,28,5,3
66,18,1,3
67,21,3,2
68,27,7,2
69,36,5,4
70,40,7,4
71,27,3,5
72,17,3,3
73,44,9,4
74,47,6,6
75,25,4,3
76,23,4,2
77,25,5,2
78,9,0,1
79,22,6,1
80,18,3,1
81,17,8,2
82,19,3,3
83,47,10,4
84,24,4,2
85,22,3,3
86,13,3,1
87,25,7,2
88,24,5,2
89,34,7,4
90,15,2,1
91,18,3,5
92,16,2,0
93,21,4,2
94,30,3,2
95,28,5,2
96,18,2,3
97,38,8,5
98,41,8,3
99,38,9,5
100,30,7,2
101,34,8,2
102,16,5,0
103,21,3,3
104,17,5,2
105,8,0,1
106,50,9,9
107,28,6,1
108,45,6,6
109,21,3,3
110,7,2,1
111,12,2,1
112,36,6,2
113,17,6,1
114,20,4,3
115,19,5,2
116,19,3,3
117,12,2,2
118,22,5,3
119,19,2,2
120,29,6,3
121,15,3,2
122,21,4,2
123,49,5,6
124,22,5,4
125,35,7,3
126,38,10,3
127,17,2,3
128,11,3,1
129,34,8,3
130,19,7,2
131,11,1,1
132,44,10,3
133,19,6,1
134,20,3,1
135,29,7,2
136,23,5,3
137,33,8,5
138,39,7,9
139,24,3,4
140,21,4,2
141,24,8,1
142,13,4,1
143,23,4,2
144,32,6,2
145,17,2,2
146,16,4,2
147,15,4,2
148,14,3,3
149,25,4,3
150,12,3,1
151,28,8,3
152,17,2,3
153,20,2,2
154,19,2,5
155,16,2,4
156,19,3,3
157,15,4,2
158,28,7,4
159,9,1,0
160,32,6,3
161,14,3,1
162,42,9,4
163,26,7,3
164,21,8,1
165,13,3,0
166,50,14,1
167,23,8,0
168,19,1,1
169,33,9,1
170,32,3,4
171,24,5,3
172,36,5,5
173,15,3,1
174,31,5,6
175,22,3,3
176,16,2,1
177,14,3,1
178,15,2,2
179,12,1,2
180,5,1,0
181,18,4,2
182,24,8,2
183,26,5,3
184,22,4,4
185,21,5,2
186,38,6,3
187,45,8,5
188,37,7,3
189,31,7,3
190,16,4,1
191,7,1,1
192,19,4,1
193,12,3,2
194,15,1,3
195,12,5,1
196,29,6,2
197,31,6,4
198,23,3,3
199,28,5,4
200,20,5,3
201,20,3,4
202,22,4,2
203,22,3,2
204,18,5,2
205,58,15,5
206,24,5,2
207,23,6,3
208,37,9,6
209,14,4,1
210,31,6,4
211,29,4,5
212,27,4,4
213,20,2,3
214,18,3,3
215,20,4,3
216,15,3,0
217,16,5,0
218,16,4,2
219,30,7,1
220,38,11,4
221,23,6,2
222,25,3,3
223,9,3,1
224,14,3,0
225,28,6,2
226,36,7,5
227,23,4,2
228,17,4,1
229,25,7,1
230,16,6,1
231,42,8,4
232,40,7,3
233,10,2,1
234,14,3,2
235,36,10,3
236,61,18,3
237,17,4,3
238,26,7,3
239,18,3,3
240,30,8,4
241,25,6,3
242,31,7,3
243,23,5,3
244,37,9,1
245,29,4,2
246,18,4,3
247,31,7,2
248,24,3,4
249,8,1,1
250,33,5,5
251,9,2,0
252,12,3,1
253,12,3,2
254,34,7,5
255,24,5,2
256,34,4,6
257,14,3,2
258,15,2,2
259,21,2,3
260,42,12,1
261,35,6,5
262,40,8,5
263,28,6,4
264,28,8,1
265,18,5,1
266,15,4,1
267,12,6,1
268,15,4,3
269,38,6,8
270,20,3,3
271,23,6,2
272,26,7,5
273,63,18,4
274,34,1,3
275,22,8,1
276,11,1,1
277,39,9,4
278,40,8,3
279,16,3,2
280,16,3,1
281,25,4,4
282,32,7,2
283,39,9,4
284,7,2,1
285,45,13,4
286,23,7,2
287,12,2,2
288,17,5,1
289,38,11,0
290,26,5,4
291,40,9,4
292,21,6,2
293,17,5,2
294,18,6,1
295,46,10,5
296,29,7,4
297,15,3,2
298,26,3,4
299,30,6,5
300,16,6,1
301,32,6,6
302,24,7,4
303,22,6,3
304,48,12,5
305,22,7,1
306,13,5,1
307,21,5,3
308,18,4,1
309,26,7,4
310,19,4,3
311,22,7,3
312,31,8,2
313,14,3,2
314,13,3,2
315,40,12,4
316,22,5,4
317,17,5,2
318,25,5,4
319,23,7,1
320,27,8,1
321,21,6,1
322,18,3,2
323,25,8,1
324,48,14,3
325,31,9,1
326,16,5,2
327,19,5,2
328,17,4,1
329,10,2,1
330,20,5,2
331,25,8,2
332,26,7,1
333,35,10,2
334,25,7,1
335,23,6,3
336,8,1,1
337,10,1,2
338,17,4,1
339,22,7,1
340,19,3,3
341,16,2,2
342,8,4,1
343,28,8,2
344,25,8,1
345,23,6,3
346,30,6,3
347,48,12,4
348,37,9,2
349,21,4,2
350,14,3,3
351,41,12,4
352,16,5,2
353,11,3,1
354,35,8,4
355,16,5,2
356,65,15,7
357,22,4,3
358,32,7,3
359,38,7,5
360,58,11,8
361,20,4,3
362,21,5,2
363,52,10,6
364,17,2,2
365,22,3,4
366,56,16,3
367,12,2,2
368,30,8,3
369,1,0,0
370,43,10,6
371,27,5,3
372,19,2,3
373,26,6,2
374,23,5,2
375,14,2,2
376,45,11,3
377,36,9,5
378,12,3,0
379,12,4,0
380,19,5,1
381,1,0,0
382,25,7,2
383,26,7,3
384,11,2,2
385,19,5,2
386,35,11,4
387,24,5,2
388,51,12,4
389,22,3,2
390,33,8,3
391,8,4,1
392,20,5,3
393,12,3,2
394,27,8,1
395,38,9,6
396,1,0,0
397,38,5,4
398,21,5,5
399,10,2,1
400,29,6,4
401,23,5,2
402,51,8,5
403,24,7,1
404,28,5,4
405,23,6,3
406,14,3,1
407,19,5,1
408,32,10,1
409,18,5,3
410,16,4,2
411,16,0,3
412,23,7,3
413,21,5,2
414,32,11,1
415,19,4,2
416,15,6,1
417,9,3,1
418,5,2,1
419,20,5,4
420,9,2,1
421,12,0,1
422,36,8,1
423,15,2,2
424,27,8,2
425,33,6,4
426,27,5,5
427,10,2,0
428,13,4,4
429,12,2,2
430,12,3,0
431,41,15,6
432,17,3,3
433,36,10,3
434,19,6,2
435,48,7,8
436,9,3,1
437,17,5,0
438,49,9,5
439,22,3,0
440,32,5,5
441,9,0,0
442,20,5,2
443,27,2,4
444,31,6,4
445,20,3,1
446,9,3,0
447,23,4,4
448,41,6,4
449,25,7,2
450,11,3,1
451,25,5,2
452,14,4,1
453,29,4,4
454,12,2,3
455,25,5,2
456,20,4,2
457,22,5,3
458,50,8,8
459,30,6,2
460,13,3,1
461,30,4,4
462,26,4,4
463,34,7,2
464,19,4,0
465,22,4,2
466,16,3,1
467,7,2,1
468,10,2,1
469,22,5,2
470,31,9,5
471,24,7,2
472,34,7,5
473,28,7,4
474,15,4,2
475,23,6,3
476,39,9,5
477,54,11,6
478,13,2,2
479,15,4,2
480,25,7,1
481,34,9,2
482,24,7,2
483,36,6,3
484,9,1,3
485,29,6,1
486,18,3,2
487,19,3,2
488,36,7,7
489,16,5,1
490,44,9,8
491,9,3,0
492,27,9,4
493,23,7,5
494,26,5,6
495,20,2,4
496,32,6,1
497,15,2,1
498,30,6,3
499,18,4,1
500,14,4,0
501,20,5,2
502,8,1,2
503,22,2,6
504,29,3,4
505,19,4,2
506,19,3,4
507,39,7,4
508,28,7,1
509,18,3,1
510,39,6,6
511,26,7,3
512,34,7,6
513,45,11,6
514,35,5,4
515,17,2,2
516,16,3,2
517,17,4,1
518,26,7,3
519,19,2,2
520,34,8,4
521,20,5,0
522,22,6,1
523,25,3,1
524,14,4,0
525,20,2,2
526,12,2,2
527,19,4,3
528,44,7,5
529,20,4,2
530,26,6,2
531,34,6,4
532,45,7,3
533,34,5,4
534,31,5,0
535,9,2,1
536,25,3,1
537,15,1,1
538,34,6,2
539,30,4,3
540,33,4,3
541,25,5,3
542,26,2,5
543,25,1,3
544,32,6,5
545,28,3,3
546,22,4,3
547,9,1,1
548,10,2,1
549,32,6,2
550,13,2,1
551,19,4,2
552,27,7,3
553,14,1,1
554,21,4,1
555,23,3,2
556,51,12,2
557,20,4,3
558,31,5,5
559,13,3,2
560,28,7,1
561,20,4,1
562,35,6,6
563,23,6,0
564,25,8,0
565,33,8,2
566,45,7,8
567,29,4,6
568,23,6,1
569,6,1,0
570,21,6,1
571,7,2,0
572,23,5,0
573,7,2,1
574,14,1,5
575,21,5,3
576,27,6,2
577,26,8,2
578,25,5,4
579,6,0,1
580,18,2,2
581,21,4,2
582,14,3,0
583,48,12,4
584,42,9,3
585,35,9,2
586,23,4,4
587,48,8,6
588,53,5,5
589,29,3,4
590,32,8,1
591,22,7,1
592,36,8,6
593,12,4,1
594,34,12,2
595,30,4,6
596,22,2,4
597,27,6,3
598,19,4,3
599,19,5,3
600,24,4,2
601,17,4,2
602,12,4,2
603,35,4,3
604,30,5,3
605,19,4,1
606,43,12,3
607,28,6,3
608,31,7,2
609,45,11,3
610,37,7,4
611,18,3,1
612,22,6,1
613,24,4,1
614,30,6,2
615,10,4,1
616,26,5,1
617,9,2,2
618,32,6,2
619,23,5,1
620,19,4,1
621,33,5,1
622,23,3,2
623,18,2,0
624,71,15,7
625,49,6,5
626,33,5,4
627,33,5,5
628,7,1,1
629,29,6,2
630,24,6,3
631,22,5,1
632,40,10,6
633,15,3,1
634,27,9,2
635,18,6,3
636,30,8,3
637,26,7,3
638,36,6,7
639,22,3,4
640,13,1,1
641,21,3,2
642,21,5,4
643,18,4,3
644,45,11,5
645,28,7,7
646,13,4,1
647,36,5,5
648,26,5,4
649,42,7,4
650,42,10,3
651,9,1,1
652,22,5,3
653,46,8,7
654,24,6,3
655,28,9,1
656,42,7,4
657,37,7,6
658,57,12,3
659,34,7,2
660,59,14,5
661,37,6,5
662,36,9,3
663,24,4,6
664,38,9,5
665,44,9,4
666,31,10,3
667,39,11,1
668,21,4,2
669,40,9,4
670,38,9,2
671,22,5,2
672,37,10,3
673,25,6,3
674,13,3,2
675,18,4,2
676,44,11,4
677,22,4,3
678,17,4,3
679,28,7,0
680,13,3,1
681,26,5,3
682,37,9,2
683,39,11,3
684,15,5,2
685,23,4,1
686,43,11,3
687,31,6,5
688,15,4,0
689,26,5,5
690,27,7,4
691,31,7,5
692,14,3,1
693,18,2,2
694,52,10,4
695,28,6,2
696,13,5,1
697,19,3,2
698,12,2,1
699,41,8,6
700,17,3,1
701,32,10,1
702,25,7,1
703,36,6,6
704,29,8,4
705,42,11,3
706,37,10,3
707,21,5,2
708,20,5,2
709,24,4,3
710,20,7,1
711,20,6,2
712,37,12,4
713,18,3,4
714,14,4,2
715,10,4,1
716,10,2,1
717,22,6,1
718,17,4,2
719,16,5,1
720,12,4,1
721,23,5,2
722,41,7,4
723,11,3,0
724,42,11,4
725,27,5,3
726,32,7,5
727,47,7,6
728,17,4,2
729,13,3,1
730,38,10,2
731,34,10,4
732,37,10,3
733,32,8,4
734,20,4,2
735,16,3,1
736,25,4,3
737,50,10,5
738,21,6,3
739,15,1,1
740,13,3,2
741,9,3,1
742,24,5,4
743,25,7,2
744,29,8,2
745,34,9,3
746,21,7,3
747,25,7,2
748,14,2,2
749,36,9,4
750,19,3,3
751,20,6,2
752,16,2,3
753,15,5,1
754,16,4,2
755,46,10,5
756,39,10,5
757,22,4,3
758,14,5,2
759,30,7,2
760,25,4,2
761,26,6,3
762,12,3,0
763,36,9,5
764,28,5,4
765,19,4,2
766,28,6,2
767,22,7,2
768,27,10,3
769,16,6,1
770,38,7,4
771,28,4,2
772,7,2,1
773,49,13,6
774,25,7,1
775,12,2,1
776,56,15,5
777,15,3,1
778,38,9,3
779,40,11,6
780,10,3,2
781,53,10,6
782,27,7,6
783,47,9,7
784,34,7,4
785,27,3,2
786,11,1,1
787,39,7,3
788,33,6,4
789,42,11,4
790,23,4,2
791,46,10,4
792,23,6,3
793,28,5,2
794,10,2,1
795,31,7,2
796,26,4,4
797,14,4,1
798,18,5,2
799,31,7,4
800,16,3,1
801,19,4,1
802,29,7,2
803,10,2,2
804,35,9,2
805,34,7,5
806,11,5,2
807,17,4,3
808,21,6,2
809,40,11,5
810,12,8,1
811,26,8,3
812,23,4,3
813,20,3,3
814,30,5,3
815,24,10,4
816,7,3,2
817,18,6,2
818,19,3,3
819,18,4,2
820,18,6,1
821,21,6,1
822,17,3,3
823,26,6,2
824,18,4,2
825,37,5,6
826,8,3,1
827,46,14,5
828,10,4,2
829,21,1,2
830,24,4,3
831,35,9,4
832,65,15,7
833,19,6,3
834,10,2,2
835,59,7,7
836,21,6,0
837,34,4,6
838,14,2,2
839,23,3,3
840,14,2,3
841,16,5,1
842,11,3,1
843,9,1,2
844,10,2,1
845,29,4,2
846,26,8,2
847,18,6,3
848,12,5,1
849,12,4,3
850,22,6,1
851,18,5,2
852,24,4,4
853,22,4,4
854,12,2,2
855,20,6,2
856,26,8,4
857,20,5,4
858,22,4,2
859,21,4,2
860,17,4,4
861,42,8,4
862,25,6,5
863,29,5,3
864,22,5,3
865,12,3,1
866,24,4,3
867,15,4,2
868,7,2,0
869,19,6,2
870,45,5,3
871,32,6,3
872,21,3,2
873,31,8,4
874,16,3,2
875,25,7,2
876,21,4,4
877,28,3,4
878,25,7,2
879,36,6,0
880,11,2,1
881,28,6,0
882,19,5,1
883,23,3,2
884,12,4,1
885,35,10,6
886,23,6,3
887,9,2,1
888,52,14,5
889,24,5,2
890,12,2,2
891,38,10,2
892,46,7,5
893,25,7,4
894,35,8,6
895,11,4,2
896,32,7,3
897,8,2,1
898,15,6,0
899,23,4,3
900,25,6,3
901,17,4,2
902,25,5,3
903,25,6,1
904,20,5,2
905,18,3,4
906,37,8,5
907,55,8,3
908,40,8,3
909,35,7,5
910,21,4,1
911,31,9,2
912,24,4,4
913,21,6,4
914,19,2,2
915,27,5,2
916,9,3,1
917,25,6,1
918,26,7,4
919,16,4,3
920,15,4,3
921,10,3,2
922,28,7,4
923,23,6,4
924,17,3,1
925,27,8,3
926,14,5,1
927,38,8,3
928,25,4,1
929,31,6,5
930,12,2,0
931,21,3,3
932,19,3,1
933,30,7,2
934,28,8,2
935,26,4,1
936,29,8,3
937,38,5,3
938,13,2,2
939,24,5,2
940,29,6,2
941,23,6,1
942,48,11,6
943,5,1,1
944,33,6,4
945,26,4,1
946,16,3,2
947,24,6,4
948,37,8,5
949,20,7,2
950,35,8,6
951,36,7,2
952,26,4,3
953,16,3,3
954,59,13,4
955,20,5,2
956,21,6,3
957,39,11,3
958,46,15,6
959,55,15,3
960,25,5,3
961,10,2,0
962,8,1,0
963,44,7,3
964,17,4,1
965,29,6,3
966,14,4,3
967,19,7,3
968,29,6,2
969,10,2,1
970,17,5,0
971,36,8,4
972,35,12,1
973,45,11,3
974,52,12,5
975,11,3,1
976,39,6,5
977,13,2,1
978,30,5,5
979,13,2,3
980,24,7,2
981,29,5,3
982,13,1,1
983,21,3,3
984,23,5,5
985,28,8,5
986,33,7,5
987,49,10,8
988,33,8,6
989,30,7,4
990,19,2,3
991,50,10,4
992,18,5,2
993,10,3,1
994,29,5,3
995,19,3,2
996,17,5,1
997,13,3,1
998,25,7,3
999,24,5,2
1000,46,11,3
1001,56,9,6
1002,9,1,1
1003,18,7,1
1004,20,4,2
1005,26,6,4
1006,42,9,6
1007,73,10,7
1008,13,2,1
1009,25,2,3
1010,19,4,1
1011,21,3,1
1012,36,4,3
1013,44,11,5
1014,24,7,2
1015,30,5,5
1016,7,3,1
1017,19,4,3
1018,19,4,1
1019,21,5,3
1020,23,5,3
1021,27,4,3
1022,26,4,4
1023,20,6,4
1024,24,5,4
1025,41,9,6
1026,20,5,2
1027,14,3,1
1028,14,2,2
1029,20,2,2
1030,13,1,1
1031,40,8,2
1032,16,2,4
1033,16,1,2
1034,28,6,2
1035,28,6,5
1036,44,5,7
1037,31,7,4
1038,16,1,5
1039,39,11,3
1040,17,4,3
1041,23,9,1
1042,24,6,3
1043,31,6,2
1044,9,2,1
1045,16,3,1
1046,11,3,1
1047,45,11,3
1048,16,6,1
1049,10,3,1
1050,22,4,2
1051,37,7,3
1052,18,7,1
1053,6,2,1
1054,23,7,1
1055,17,4,3
1056,8,0,1
1057,24,7,2
1058,42,6,7
1059,10,1,3
1060,34,7,6
1061,6,1,1
1062,13,2,3
1063,15,2,2
1064,24,5,3
1065,42,13,4
1066,27,4,2
1067,48,8,6
1068,21,4,2
1069,16,3,3
1070,29,7,3
1071,35,12,2
1072,12,3,2
1073,12,2,2
1074,26,7,1
1075,30,9,3
1076,19,5,2
1077,20,5,2
1078,25,7,3
1079,37,7,3
1080,12,3,2
1081,17,2,2
1082,24,6,3
1083,10,2,1
1084,25,6,4
1085,35,7,7
1086,8,3,1
1087,25,5,0
1088,31,8,6
1089,36,7,5
1090,32,6,4
1091,39,6,6
1092,33,8,3
1093,32,9,2
1094,29,4,2
1095,22,4,4
1096,12,2,1
1097,29,7,1
1098,31,8,4
1099,44,8,6
1100,60,10,8
1101,33,8,3
1102,27,7,1
1103,17,5,2
1104,31,7,3
1105,50,12,7
1106,50,10,6
1107,47,9,6
1108,56,12,6
1109,16,4,1
1110,40,10,2
1111,22,1,3
1112,24,6,2
1113,21,3,6
1114,7,1,1
1115,22,4,3
1116,8,1,1
1117,57,16,5
1118,28,8,4
1119,47,11,7
1120,29,9,4
1121,20,3,1
1122,18,3,4
1123,47,9,2
1124,13,3,2
1125,33,7,3
1126,35,6,4
1127,16,7,1
1128,37,7,4
1129,26,7,1
1130,28,5,4
1131,52,12,6
1132,30,6,5
1133,18,3,1
1134,8,0,1
1135,5,1,1
1136,24,2,4
1137,32,6,2
1138,16,1,1
1139,7,1,1
1140,50,11,3
1141,29,4,3
1142,33,4,4
1143,37,6,3
1144,30,5,3
1145,31,5,4
1146,20,2,2
1147,20,2,2
1148,43,6,6
1149,34,8,4
1150,13,2,3
1151,14,4,2
1152,23,5,3
1153,22,7,2
1154,20,4,0
1155,34,7,3
1156,36,6,9
1157,22,6,2
1158,32,9,6
1159,19,3,3
1160,33,4,3
1161,22,3,3
1162,29,7,3
1163,33,9,3
1164,22,6,3
1165,42,8,5
1166,11,2,1
1167,41,10,2
1168,34,8,3
1169,46,13,2
1170,46,5,4
1171,28,6,3
1172,26,5,1
1173,36,8,3
1174,17,4,1
1175,20,2,2
1176,35,11,2
1177,21,4,2
1178,80,17,10
1179,36,10,2
1180,25,8,2
1181,29,5,4
1182,20,3,3
1183,15,4,2
1184,5,1,1
1185,22,4,2
1186,19,4,3
1187,19,3,3
1188,26,4,2
1189,19,7,1
1190,22,6,2
1191,19,4,1
1192,33,8,1
1193,12,3,0
1194,10,1,1
1195,21,3,3
1196,14,3,1
1197,26,3,2
1198,9,3,0
1199,26,4,4
1200,24,5,3
1201,38,7,4
1202,19,5,2
1203,27,7,2
1204,33,6,3
1205,27,5,1
1206,35,7,4
1207,32,7,2
1208,28,6,2
1209,16,4,2
1210,24,4,2
1211,32,7,4
1212,29,7,2
1213,38,11,4
1214,7,1,0
1215,29,6,4
1216,32,6,5
1217,14,4,2
1218,37,10,2
1219,12,4,1
1220,21,4,1
1221,40,10,3
1222,18,5,2
1223,53,13,6
1224,11,1,2
1225,25,6,1
1226,39,5,3
1227,36,6,3
1228,36,9,4
1229,26,4,3
1230,36,9,1
1231,32,3,3
1232,40,7,3
1233,28,6,3
1234,14,4,2
1235,22,5,4
1236,38,6,4
1237,35,8,5
1238,26,3,4
1239,15,2,2
1240,10,0,2
1241,22,2,3
1242,9,2,1
1243,25,4,1
1244,22,4,2
1245,29,9,1
1246,34,7,4
1247,63,13,8
1248,17,6,2
1249,49,12,3
1250,19,7,1
1251,16,3,1
1252,8,1,1
1253,4,0,1
1254,15,3,1
1255,13,2,1
1256,44,7,5
1257,29,9,2
1258,19,4,3
1259,13,2,4
1260,31,9,5
1261,14,4,1
1262,37,8,4
1263,11,5,1
1264,23,5,3
1265,38,7,3
1266,18,5,2
1267,20,4,4
1268,37,6,1
1269,22,4,2
1270,12,2,2
1271,17,5,4
1272,21,5,5
1273,23,7,0
1274,19,4,2
1275,38,10,2
1276,33,9,2
1277,40,9,4
1278,12,3,1
1279,45,8,7
1280,38,7,5
1281,46,13,6
1282,40,12,4
1283,16,4,3
1284,6,1,1
1285,14,3,2
1286,14,4,1
1287,45,9,5
1288,13,4,2
1289,7,2,1
1290,16,3,2
1291,21,5,2
1292,41,8,4
1293,33,7,5
1294,21,2,2
1295,22,2,3
1296,19,4,5
1297,21,4,3
1298,24,3,3
1299,18,2,3
1300,18,2,4
1301,28,6,4
1302,19,2,3
1303,34,4,4
1304,18,1,3
1305,49,9,5
1306,16,4,1
1307,39,9,3
1308,24,4,4
1309,30,8,2
1310,40,4,4
1311,44,11,3
1312,30,5,2
1313,18,5,0
1314,31,6,5
1315,28,8,2
1316,31,9,2
1317,20,7,1
1318,30,9,0
1319,26,8,2
1320,23,5,3
1321,11,1,2
1322,35,6,3
1323,30,6,1
1324,30,6,2
1325,12,2,2
1326,11,2,2
1327,23,6,2
1328,17,3,2
1329,40,9,3
1330,21,6,1
1331,25,8,1
1332,13,4,1
1333,43,10,5
1334,13,3,0
1335,20,6,2
1336,43,9,3
1337,28,7,1
1338,31,5,3
1339,35,6,6
1340,36,3,2
1341,28,4,0
1342,37,8,2
1343,19,4,2
1344,25,6,1
1345,35,10,2
1346,17,7,0
1347,24,5,2
1348,17,4,2
1349,34,8,2
1350,33,7,3
1351,16,2,2
1352,65,12,7
1353,16,2,1
1354,20,3,2
1355,18,4,2
1356,23,2,0
1357,26,9,3
1358,17,3,1
1359,32,8,4
1360,43,9,3
1361,20,5,2
1362,29,4,2
1363,21,4,1
1364,38,6,2
1365,41,5,1
1366,25,4,1
1367,32,8,4
1368,9,2,0
1369,37,9,5
1370,26,4,4
1371,16,4,2
1372,32,5,3
1373,46,9,2
1374,36,9,5
1375,24,7,3
1376,20,4,3
1377,28,3,4
1378,37,6,2
1379,44,7,4
1380,31,7,4
1381,26,8,2
1382,30,5,3
1383,43,9,3
1384,26,7,1
1385,33,10,1
1386,44,8,6
1387,23,5,1
1388,8,2,1
1389,34,8,3
1390,37,7,5
1391,23,4,3
1392,32,9,3
1393,43,9,3
1394,40,8,3
1395,28,7,4
1396,19,4,2
1397,40,6,4
1398,18,4,2
1399,27,5,3
1400,25,5,3
1401,28,8,4
1402,59,15,5
1403,22,3,0
1404,32,5,5
1405,9,0,0
1406,20,5,2
1407,27,2,4
1408,31,6,4
1409,20,3,1
1410,9,3,0
1411,23,4,4
1412,41,6,4
1413,25,7,2
1414,11,3,1
1415,25,5,2
1416,14,4,1
1417,29,4,4
1418,12,2,3
1419,25,5,2
1420,20,4,2
1421,22,5,3
1422,50,8,8
1423,30,6,2
1424,13,3,1
1425,30,4,4
1426,26,4,4
1427,34,7,2
1428,19,4,0
1429,22,4,2
1430,16,3,1
1431,7,2,1
1432,10,2,1
1433,22,5,2
1434,31,9,5
1435,24,7,2
1436,34,7,5
1437,28,7,4
1438,15,4,2
1439,23,6,3
1440,39,9,5
1441,54,11,6
1442,13,2,2
1443,15,4,2
1444,25,7,1
1445,34,9,2
1446,24,7,2
1447,36,6,3
1448,9,1,3
1449,29,6,1
1450,18,3,2
1451,19,3,2
1452,36,7,7
1453,16,5,1
1454,44,9,8
1455,9,3,0
1456,27,9,4
1457,23,7,5
1458,26,5,6
1459,20,2,4
1460,32,6,1
1461,15,2,1
1462,30,6,3
1463,18,4,1
1464,14,4,0
1465,20,5,2
1466,8,1,2
1467,22,2,6
1468,29,3,4
1469,19,4,2
1470,19,3,4
1471,39,7,4
1472,28,7,1
1473,18,3,1
1474,39,6,6
1475,26,7,3
1476,34,7,6
1477,45,11,6
1478,35,5,4
1479,17,2,2
1480,16,3,2
1481,17,4,1
1482,26,7,3
1483,19,2,2
1484,34,8,4
1485,20,5,0
1486,22,6,1
1487,25,3,1
1488,14,4,0
1489,20,2,2
1490,12,2,2
1491,19,4,3
1492,44,7,5
1493,20,4,2
1494,26,6,2
1495,34,6,4
1496,45,7,3
1497,34,5,4
1498,31,5,0
1499,9,2,1
1500,25,3,1
1501,15,1,1
1502,34,6,2
1503,30,4,3
1504,33,4,3
1505,25,5,3
1506,26,2,5
1507,25,1,3
1508,32,6,5
1509,28,3,3
1510,22,4,3
1511,9,1,1
1512,10,2,1
1513,32,6,2
1514,13,2,1
1515,19,4,2
1516,27,7,3
1517,14,1,1
1518,21,4,1
1519,23,3,2
1520,51,12,2
1521,20,4,3
1522,31,5,5
1523,13,3,2
1524,28,7,1
1525,20,4,1
1526,35,6,6
1527,23,6,0
1528,25,8,0
1529,33,8,2
1530,45,7,8
1531,29,4,6
1532,23,6,1
1533,6,1,0
1534,21,6,1
1535,7,2,0
1536,23,5,0
1537,7,2,1
1538,14,1,5
1539,21,5,3
1540,27,6,2
1541,26,8,2
1542,25,5,4
1543,6,0,1
1544,18,2,2
1545,21,4,2
1546,14,3,0
1547,48,12,4
1548,42,9,3
1549,35,9,2
1550,23,4,4
1551,48,8,6
1552,53,5,5
1553,29,3,4
1554,32,8,1
1555,22,7,1
1556,36,8,6
1557,12,4,1
1558,34,12,2
1559,30,4,6
1560,22,2,4
1561,27,6,3
1562,19,4,3
1563,19,5,3
1564,24,4,2
1565,17,4,2
1566,12,4,2
1567,35,4,3
1568,30,5,3
1569,19,4,1
1570,43,12,3
1571,28,6,3
1572,31,7,2
1573,45,11,3
1574,37,7,4
1575,18,3,1
1576,22,6,1
1577,24,4,1
1578,30,6,2
1579,10,4,1
1580,26,5,1
1581,9,2,2
1582,32,6,2
1583,23,5,1
1584,19,4,1
1585,33,5,1
1586,23,3,2
1587,18,2,0
1588,71,15,7
1589,49,6,5
1590,33,5,4
1591,33,5,5
1592,7,1,1
1593,29,6,2
1594,24,6,3
1595,22,5,1
1596,40,10,6
1597,15,3,1
1598,27,9,2
1599,18,6,3
1600,30,8,3
1601,26,7,3
1602,36,6,7
1603,22,3,4
1604,13,1,1
1605,21,3,2
1606,21,5,4
1607,18,4,3
1608,45,11,5
1609,28,7,7
1610,13,4,1
1611,36,5,5
1612,26,5,4
1613,42,7,4
1614,42,10,3
1615,9,1,1
1616,22,5,3
1617,46,8,7
1618,24,6,3
1619,28,9,1
1620,42,7,4
1621,37,7,6
1622,57,12,3
1623,34,7,2
1624,45,11,5
1625,13,4,1
1626,29,8,3
1627,43,9,6
1628,27,6,5
1629,14,3,2
1630,18,4,4
1631,8,3,0
1632,32,1,6
1633,18,3,1
1634,25,4,3
1635,12,3,1
1636,10,2,1
1637,13,4,1
1638,30,9,4
1639,12,4,3
1640,17,6,3
1641,29,9,1
1642,31,7,2
1643,34,8,0
1644,18,4,1
1645,16,5,3
1646,19,1,3
1647,28,4,5
1648,21,4,3
1649,10,3,1
1650,37,6,5
1651,14,4,2
1652,16,4,2
1653,23,7,1
1654,29,7,1
1655,32,11,3
1656,9,2,1
1657,18,7,1
1658,8,2,1
1659,22,6,2
1660,8,2,1
1661,15,4,1
1662,44,10,4
1663,25,4,3
1664,40,8,4
1665,48,9,5
1666,9,2,1
1667,22,6,3
1668,11,4,1
1669,4,0,1
1670,11,3,1
1671,23,5,3
1672,14,3,3
1673,19,5,4
1674,28,5,3
1675,18,5,3
1676,21,5,4
1677,12,3,2
1678,25,4,3
1679,49,10,4
1680,28,7,3
1681,27,4,5
1682,12,3,1
1683,9,2,2
1684,14,2,3
1685,21,5,3
1686,16,3,2
1687,16,4,2
1688,29,4,3
1689,19,3,3
1690,10,2,2
1691,11,3,1
1692,19,3,2
1693,22,6,3
1694,17,5,2
1695,6,2,0
1696,29,7,3
1697,24,7,2
1698,12,3,1
1699,27,5,3
1700,16,5,0
1701,13,3,3
1702,35,8,4
1703,15,5,2
1704,21,5,1
1705,30,9,5
1706,20,5,2
1707,25,8,0
1708,15,4,2
1709,9,2,1
1710,23,6,4
1711,11,2,1
1712,27,8,1
1713,13,3,0
1714,7,0,1
1715,20,4,2
1716,32,7,4
1717,13,2,2
1718,15,2,3
1719,15,1,1
1720,21,6,1
1721,39,8,4
1722,9,1,2
1723,12,2,2
1724,27,7,3
1725,15,3,4
1726,45,12,5
1727,37,8,7
1728,30,9,2
1729,17,3,1
1730,13,4,1
1731,21,5,1
1732,27,5,2
1733,19,3,3
1734,25,5,2
1735,16,4,4
1736,21,3,5
1737,11,3,1
1738,15,1,5
1739,12,4,2
1740,20,8,2
1741,17,3,3
1742,16,5,2
1743,32,3,6
1744,17,2,4
1745,23,6,1
1746,24,5,3
1747,29,6,5
1748,15,1,3
1749,34,6,4
1750,12,2,3
1751,22,2,5
1752,17,5,2
1753,24,5,5
1754,17,4,2
1755,15,2,1
1756,18,4,1
1757,23,5,4
1758,13,3,1
1759,36,5,2
1760,18,4,1
1761,14,2,1
1762,30,7,5
1763,34,9,3
1764,26,5,1
1765,24,6,5
1766,20,4,3
1767,14,1,3
1768,31,5,6
1769,27,3,4
1770,18,1,2
1771,33,6,4
1772,26,5,4
1773,21,5,2
1774,38,7,7
1775,12,2,1
1776,38,10,3
1777,46,9,5
1778,25,5,2
1779,11,3,0
1780,9,2,0
1781,17,4,1
1782,12,2,1
1783,29,8,6
1784,13,4,1
1785,21,5,1
1786,13,3,2
1787,26,6,3
1788,17,4,2
1789,17,4,2
1790,46,14,3
1791,26,3,2
1792,29,8,4
1793,25,5,4
1794,15,4,1
1795,22,6,3
1796,32,8,3
1797,45,11,5
1798,41,8,3
1799,50,8,8
1800,23,5,5
1801,22,4,2
1802,28,6,5
1803,17,3,1
1804,18,4,2
1805,21,8,2
1806,8,3,0
1807,30,8,5
1808,41,5,7
1809,41,10,3
1810,23,2,3
1811,12,4,2
1812,28,8,3
1813,27,5,4
1814,15,4,3
1815,20,6,2
1816,22,3,5
1817,20,3,3
1818,25,4,3
1819,22,5,3
1820,10,2,1
1821,16,4,2
1822,22,7,2
1823,21,4,0
1824,20,4,2
1825,34,10,5
1826,24,3,3
1827,20,7,0
1828,17,2,4
1829,30,10,4
1830,14,4,1
1831,30,9,4
1832,20,6,0
1833,9,2,2
1834,41,6,6
1835,23,4,1
1836,8,3,1
1837,10,3,2
1838,48,9,6
1839,33,6,4
1840,29,8,4
1841,49,7,9
1842,48,13,6
1843,63,13,5
1844,22,4,4
1845,18,5,3
1846,26,6,2
1847,25,8,3
1848,37,9,3
1849,19,6,3
1850,57,12,7
1851,27,3,4
1852,9,4,2
1853,27,7,5
1854,27,5,1
1855,27,8,3
1856,19,5,2
1857,15,3,3
1858,7,1,1
1859,33,6,4
1860,21,6,2
1861,22,6,0
1862,25,3,4
1863,27,6,0
1864,15,4,2
1865,40,7,4
1866,20,5,2
1867,24,10,1
1868,28,4,5
1869,25,5,4
1870,19,2,2
1871,36,11,5
1872,19,8,2
1873,25,9,3
1874,40,8,5
1875,13,4,1
1876,21,5,3
1877,23,3,2
1878,36,12,3
1879,20,5,3
1880,36,5,7
1881,12,3,2
1882,14,5,1
1883,22,6,2
1884,40,11,3
1885,46,13,2
1886,34,7,2
1887,19,4,1
1888,14,2,2
1889,11,2,3
1890,13,3,3
1891,21,5,2
1892,32,7,1
1893,20,5,0
1894,36,10,4
1895,21,4,4
1896,18,1,3
1897,46,10,4
1898,26,7,2
1899,22,5,2
1900,23,4,1
1901,22,1,4
1902,17,1,2
1903,45,9,8
1904,18,3,2
1905,13,3,2
1906,18,2,1
1907,35,4,6
1908,16,3,3
1909,24,4,3
1910,14,4,2
1911,8,2,1
1912,33,8,4
1913,45,8,7
1914,14,1,3
1915,12,1,3
1916,12,2,1
1917,17,2,2
1918,23,3,2
1919,18,3,4
1920,40,5,6
1921,12,4,1
1922,18,6,2
1923,22,6,4
1924,14,3,1
1925,31,7,3
1926,27,6,3
1927,22,4,3
1928,14,3,1
1929,13,4,1
1930,18,4,1
1931,20,4,2
1932,18,6,2
1933,15,5,1
1934,56,13,7
1935,17,4,2
1936,35,6,6
1937,19,6,2
1938,26,4,4
1939,34,6,5
1940,45,12,5
1941,22,4,2
1942,20,4,2
1943,18,4,1
1944,29,7,3
1945,34,8,5
1946,34,7,4
1947,28,9,3
1948,18,6,3
1949,7,1,1
1950,13,4,1
1951,20,4,2
1952,8,2,0
1953,17,4,3
1954,14,4,3
1955,18,6,3
1956,19,3,3
1957,45,15,7
1958,21,7,2
1959,17,3,2
1960,15,5,2
1961,32,6,4
1962,8,3,1
1963,8,0,2
1964,37,7,4
1965,28,6,5
1966,20,6,3
1967,44,7,7
1968,51,11,5
1969,21,4,3
1970,17,4,2
1971,10,2,1
1972,26,3,4
1973,13,2,2
1974,30,9,2
1975,15,5,1
1976,47,9,4
1977,30,6,3
1978,17,5,1
1979,29,6,3
1980,27,6,2
1981,54,8,8
1982,34,9,3
1983,16,4,1
1984,14,4,1
1985,32,6,4
1986,26,8,3
1987,26,9,2
1988,13,3,1
1989,27,6,3
1990,9,2,3
1991,34,7,5
1992,50,11,8
1993,30,8,4
1994,11,1,2
1995,33,6,5
1996,25,6,3
1997,10,3,2
1998,27,6,3
1999,37,9,3
2000,32,9,3
2001,21,2,4
2002,29,3,5
2003,30,4,3
2004,28,3,5
2005,39,11,3
2006,12,3,2
2007,18,5,2
2008,33,10,2
2009,27,7,3
2010,12,5,1
2011,13,6,1
2012,16,6,1
2013,12,6,1
2014,27,8,2
2015,24,11,1
2016,32,12,1
2017,45,12,4
2018,11,3,1
2019,26,8,3
2020,18,6,1
2021,42,14,2
2022,23,11,2
2023,29,7,2
2024,6,3,1
2025,20,4,3
2026,19,6,1
2027,24,8,2
2028,29,9,2
2029,58,8,3
2030,50,11,2
2031,43,12,5
2032,26,6,4
2033,25,6,2
2034,11,3,1
2035,28,5,4
2036,46,8,5
2037,42,9,7
2038,29,5,4
2039,26,5,3
2040,39,11,4
2041,11,3,1
2042,8,1,1
2043,25,7,4
2044,37,7,4
2045,16,1,2
2046,13,1,1
2047,12,4,1
2048,28,6,1
2049,26,6,2
2050,8,2,0
2051,36,8,4
2052,35,7,4
2053,29,6,1
2054,26,6,2
2055,6,1,1
2056,16,2,1
2057,14,2,0
2058,19,5,3
2059,7,2,0
2060,19,4,2
2061,23,4,4
2062,52,9,8
2063,19,3,1
2064,11,3,0
2065,18,4,1
2066,14,3,2
2067,16,2,1
2068,50,11,3
2069,8,0,2
2070,33,10,3
2071,14,1,3
2072,21,7,0
2073,28,8,2
2074,16,3,2
2075,12,2,2
2076,33,8,4
2077,40,7,7
2078,53,9,3
2079,37,11,3
2080,15,4,1
2081,12,3,2
2082,32,8,5
2083,34,10,5
2084,23,7,3
2085,36,9,6
2086,16,3,1
2087,13,3,2
2088,32,6,3
2089,46,12,4
2090,18,5,1
2091,11,4,1
2092,28,5,3
2093,29,7,2
2094,9,1,0
2095,8,1,1
2096,7,1,1
2097,23,3,2
2098,1,0,0
2099,22,5,2
2100,1,0,0
2101,23,5,3
2102,33,7,5
2103,19,3,3
2104,42,8,6
2105,11,0,3
2106,28,6,4
2107,34,6,4
2108,11,1,0
2109,42,11,6
2110,24,5,1
2111,45,8,8
2112,46,9,3
2113,25,5,3
2114,65,13,7
2115,36,6,3
2116,33,6,1
2117,13,4,1
2118,17,4,1
2119,48,8,5
2120,15,2,2
2121,25,3,3
2122,26,3,2
2123,22,6,2
2124,16,4,2
2125,24,6,2
2126,14,3,1
2127,25,3,5
2128,26,4,3
2129,23,7,1
2130,30,5,5
2131,21,5,3
2132,18,4,2
2133,20,7,1
2134,33,6,4
2135,23,4,2
2136,26,3,3
2137,18,7,0
2138,10,0,3
2139,13,2,0
2140,21,4,2
2141,31,9,2
2142,18,4,2
2143,14,3,2
2144,28,6,4
2145,45,9,3
2146,32,7,1
2147,21,3,4
2148,14,1,2
2149,7,1,0
2150,32,10,4
2151,18,4,0
2152,28,8,3
2153,27,6,3
2154,30,3,5
2155,34,8,5
2156,17,7,2
2157,24,6,4
2158,36,6,5
2159,23,7,2
2160,33,9,2
2161,16,4,0
2162,19,4,2
2163,45,11,5
2164,7,2,0
2165,21,3,3
2166,5,0,1
2167,24,3,5
2168,14,4,2
2169,20,4,3
2170,28,9,2
2171,27,9,3
2172,20,6,1
2173,17,3,2
2174,23,6,3
2175,17,5,1
2176,18,4,3
2177,10,3,1
2178,31,9,4
2179,18,4,2
2180,38,10,3
2181,37,9,3
2182,31,8,1
2183,27,7,0
2184,22,5,3
2185,16,4,1
2186,31,5,5
2187,45,11,4
2188,34,11,2
2189,12,2,2
2190,30,7,3
2191,32,7,4
2192,17,4,3
2193,62,12,3
2194,18,4,1
2195,17,3,3
2196,26,6,3
2197,11,2,2
2198,13,2,1
2199,18,3,2
2200,4,0,1
2201,26,5,2
2202,28,6,2
2203,28,9,4
2204,23,5,1
2205,43,12,3
2206,24,4,1
2207,31,7,2
2208,26,4,2
2209,41,7,6
2210,17,4,2
2211,32,7,3
2212,17,3,3
2213,21,6,3
2214,14,4,3
2215,26,2,4
2216,6,1,0
2217,13,2,1
2218,32,3,4
2219,11,2,2
2220,12,3,2
2221,16,3,4
2222,4,0,0
2223,28,2,4
2224,12,0,2
2225,57,11,9
2226,27,5,3
2227,20,4,3
2228,21,3,2
2229,11,1,3
2230,46,9,1
2231,43,5,6
2232,35,5,7
2233,22,3,2
2234,18,1,5
2235,13,1,3
2236,34,2,5
2237,20,3,2
2238,19,1,4
2239,2,0,1
2240,10,1,1
2241,9,1,3
2242,66,14,12
2243,35,5,4
2244,23,5,4
2245,21,4,3
2246,21,2,5
2247,6,1,1
2248,17,3,2
2249,28,7,1
2250,26,4,1
2251,7,1,0
2252,18,4,2
2253,23,4,3
2254,17,2,3
2255,27,2,5
2256,30,4,5
2257,19,3,3
2258,23,7,4
2259,19,3,3
2260,11,2,1
2261,19,4,3
2262,17,3,3
2263,15,3,2
2264,30,5,3
2265,18,3,4
2266,15,3,3
2267,24,3,4
2268,17,3,1
2269,35,5,6
2270,27,2,1
2271,32,9,3
